<?xml version="1.0" encoding="UTF-8"?>
<!-- IDC Exchange Calendar v3.2 - Copyright 2009 Interactive Data Corporation -->
<idc_calendar xmlns:xsi="http://www.w3.org/2001/XMLSchema-instance" xsi:noNamespaceSchemaLocation="file:///var/opt/data/batcheye/CED/CED_v3.2.xsd">
  <file_generation>
    <version>3.2</version>
    <system>live</system>
    <database>Oracle: live</database>
    <comment>This is a Temporary from 2021-10-18 to 2021-10-18 (1 days)</comment>
    <created_utc>2021-10-18T19:26:28</created_utc>
    <update_type>
      <type>Other</type>
      <start_date>2021-10-18</start_date>
      <end_date>2021-10-18</end_date>
      <options>-ft temp -id_type iso -id FR -country -version 3.2 -skip_xref_info -show_trading_info -filename xml.tmp.32388</options>
    </update_type>
  </file_generation>
  <exchange_data>
    <exchange exchange_description="Paris Futures IDC Adjusted Calendar" mic_code="_350">
      <keys>
        <key xref_code="_350" xref_type="MIC">
          <xref_type>MIC</xref_type>
          <xref_code>_350</xref_code>
        </key>
      </keys>
      <descriptive_data>
        <exchange_description>Paris Futures IDC Adjusted Calendar</exchange_description>
        <support_info>
          <support_group>Data Services</support_group>
        </support_info>
        <trading_info>
          <trading_type>Continuous</trading_type>
          <trading_sessions session_description="None" session_id="1">
            <session_id>1</session_id>
            <session_description>None</session_description>
            <session_type>Continuous</session_type>
            <session_hours>
              <Sunday>
                <session_open>0</session_open>
              </Sunday>
              <Monday>
                <session_open>1</session_open>
                <session_start>08:00:00</session_start>
                <session_end>22:00:00</session_end>
              </Monday>
              <Tuesday>
                <session_open>1</session_open>
                <session_start>08:00:00</session_start>
                <session_end>22:00:00</session_end>
              </Tuesday>
              <Wednesday>
                <session_open>1</session_open>
                <session_start>08:00:00</session_start>
                <session_end>22:00:00</session_end>
              </Wednesday>
              <Thursday>
                <session_open>1</session_open>
                <session_start>08:00:00</session_start>
                <session_end>22:00:00</session_end>
              </Thursday>
              <Friday>
                <session_open>1</session_open>
                <session_start>08:00:00</session_start>
                <session_end>22:00:00</session_end>
              </Friday>
              <Saturday>
                <session_open>0</session_open>
              </Saturday>
            </session_hours>
          </trading_sessions>
        </trading_info>
        <country_info>
          <iso_alpha2_code>FR</iso_alpha2_code>
          <iso_country_name>France</iso_country_name>
        </country_info>
        <region_name>Europe</region_name>
        <timezone_info>
          <tz_long_name>Europe/Paris</tz_long_name>
          <tz_has_dst>1</tz_has_dst>
          <tz_offset>
            <start_datetime>2020-10-25T02:00:00</start_datetime>
            <offset_sign>+</offset_sign>
            <offset>01:00:00</offset>
            <olson_short_name>CET</olson_short_name>
          </tz_offset>
          <tz_offset>
            <start_datetime>2021-03-28T03:00:00</start_datetime>
            <offset_sign>+</offset_sign>
            <offset>02:00:00</offset>
            <olson_short_name>CEST</olson_short_name>
          </tz_offset>
          <tz_offset>
            <start_datetime>2021-10-31T02:00:00</start_datetime>
            <offset_sign>+</offset_sign>
            <offset>01:00:00</offset>
            <olson_short_name>CET</olson_short_name>
          </tz_offset>
          <tz_offset>
            <start_datetime>2022-03-27T03:00:00</start_datetime>
            <offset_sign>+</offset_sign>
            <offset>02:00:00</offset>
            <olson_short_name>CEST</olson_short_name>
          </tz_offset>
        </timezone_info>
      </descriptive_data>
      <trading_day_data date_local="2021-10-18" status_detail="RegularTrading">
        <date_local>2021-10-18</date_local>
        <day_of_week_local>Monday</day_of_week_local>
        <exchange_status>
          <status>Open</status>
          <status_detail>
            <status_type>RegularTrading</status_type>
            <source_id_type>Other</source_id_type>
            <source_id>XX</source_id>
            <source_name>Unknown</source_name>
          </status_detail>
          <description>Regular Hours</description>
        </exchange_status>
        <exchange_hours session_id="1" session_type="RegularTrading">
          <session_id>1</session_id>
          <session_type>RegularTrading</session_type>
          <open_local>2021-10-18T08:00:00+02:00</open_local>
          <close_local>2021-10-18T22:00:00+02:00</close_local>
          <olson_short_name>CEST</olson_short_name>
          <open_utc>2021-10-18T06:00:00+00:00</open_utc>
          <close_utc>2021-10-18T20:00:00+00:00</close_utc>
        </exchange_hours>
      </trading_day_data>
    </exchange>
    <exchange exchange_description="Euronext Paris IDC Adjusted Calendar" mic_code="_342">
      <keys>
        <key xref_code="_342" xref_type="MIC">
          <xref_type>MIC</xref_type>
          <xref_code>_342</xref_code>
        </key>
      </keys>
      <descriptive_data>
        <exchange_description>Euronext Paris IDC Adjusted Calendar</exchange_description>
        <support_info>
          <support_group>Data Services</support_group>
        </support_info>
        <trading_info>
          <trading_type>Continuous</trading_type>
          <trading_sessions session_description="None" session_id="1">
            <session_id>1</session_id>
            <session_description>None</session_description>
            <session_type>Continuous</session_type>
            <session_hours>
              <Sunday>
                <session_open>0</session_open>
              </Sunday>
              <Monday>
                <session_open>1</session_open>
                <session_start>09:00:00</session_start>
                <session_end>17:30:00</session_end>
              </Monday>
              <Tuesday>
                <session_open>1</session_open>
                <session_start>09:00:00</session_start>
                <session_end>17:30:00</session_end>
              </Tuesday>
              <Wednesday>
                <session_open>1</session_open>
                <session_start>09:00:00</session_start>
                <session_end>17:30:00</session_end>
              </Wednesday>
              <Thursday>
                <session_open>1</session_open>
                <session_start>09:00:00</session_start>
                <session_end>17:30:00</session_end>
              </Thursday>
              <Friday>
                <session_open>1</session_open>
                <session_start>09:00:00</session_start>
                <session_end>17:30:00</session_end>
              </Friday>
              <Saturday>
                <session_open>0</session_open>
              </Saturday>
            </session_hours>
          </trading_sessions>
        </trading_info>
        <country_info>
          <iso_alpha2_code>FR</iso_alpha2_code>
          <iso_country_name>France</iso_country_name>
        </country_info>
        <region_name>Europe</region_name>
        <timezone_info>
          <tz_long_name>Europe/Paris</tz_long_name>
          <tz_has_dst>1</tz_has_dst>
          <tz_offset>
            <start_datetime>2020-10-25T02:00:00</start_datetime>
            <offset_sign>+</offset_sign>
            <offset>01:00:00</offset>
            <olson_short_name>CET</olson_short_name>
          </tz_offset>
          <tz_offset>
            <start_datetime>2021-03-28T03:00:00</start_datetime>
            <offset_sign>+</offset_sign>
            <offset>02:00:00</offset>
            <olson_short_name>CEST</olson_short_name>
          </tz_offset>
          <tz_offset>
            <start_datetime>2021-10-31T02:00:00</start_datetime>
            <offset_sign>+</offset_sign>
            <offset>01:00:00</offset>
            <olson_short_name>CET</olson_short_name>
          </tz_offset>
          <tz_offset>
            <start_datetime>2022-03-27T03:00:00</start_datetime>
            <offset_sign>+</offset_sign>
            <offset>02:00:00</offset>
            <olson_short_name>CEST</olson_short_name>
          </tz_offset>
        </timezone_info>
      </descriptive_data>
      <trading_day_data date_local="2021-10-18" status_detail="RegularTrading">
        <date_local>2021-10-18</date_local>
        <day_of_week_local>Monday</day_of_week_local>
        <exchange_status>
          <status>Open</status>
          <status_detail>
            <status_type>RegularTrading</status_type>
            <source_id_type>Other</source_id_type>
            <source_id>XX</source_id>
            <source_name>Unknown</source_name>
          </status_detail>
          <description>Regular Hours</description>
        </exchange_status>
        <exchange_hours session_id="1" session_type="RegularTrading">
          <session_id>1</session_id>
          <session_type>RegularTrading</session_type>
          <open_local>2021-10-18T09:00:00+02:00</open_local>
          <close_local>2021-10-18T17:30:00+02:00</close_local>
          <olson_short_name>CEST</olson_short_name>
          <open_utc>2021-10-18T07:00:00+00:00</open_utc>
          <close_utc>2021-10-18T15:30:00+00:00</close_utc>
        </exchange_hours>
      </trading_day_data>
    </exchange>
    <exchange exchange_description="Euronext Paris" mic_code="XPAR">
      <keys>
        <key xref_code="XPAR" xref_type="MIC">
          <xref_type>MIC</xref_type>
          <xref_code>XPAR</xref_code>
        </key>
        <key xref_code="EFC" xref_type="Exshare">
          <xref_type>Exshare</xref_type>
          <xref_code>EFC</xref_code>
        </key>
        <key xref_code="FRP" xref_type="GDB">
          <xref_type>GDB</xref_type>
          <xref_code>FRP</xref_code>
        </key>
      </keys>
      <descriptive_data>
        <exchange_description>Euronext Paris</exchange_description>
        <support_info>
          <support_group>Data Services</support_group>
        </support_info>
        <trading_info>
          <trading_type>Continuous</trading_type>
          <trading_sessions session_description="None" session_id="1">
            <session_id>1</session_id>
            <session_description>None</session_description>
            <session_type>Continuous</session_type>
            <session_hours>
              <Sunday>
                <session_open>0</session_open>
              </Sunday>
              <Monday>
                <session_open>1</session_open>
                <session_start>08:00:00</session_start>
                <session_end>18:30:00</session_end>
              </Monday>
              <Tuesday>
                <session_open>1</session_open>
                <session_start>08:00:00</session_start>
                <session_end>18:30:00</session_end>
              </Tuesday>
              <Wednesday>
                <session_open>1</session_open>
                <session_start>08:00:00</session_start>
                <session_end>18:30:00</session_end>
              </Wednesday>
              <Thursday>
                <session_open>1</session_open>
                <session_start>08:00:00</session_start>
                <session_end>18:30:00</session_end>
              </Thursday>
              <Friday>
                <session_open>1</session_open>
                <session_start>08:00:00</session_start>
                <session_end>18:30:00</session_end>
              </Friday>
              <Saturday>
                <session_open>0</session_open>
              </Saturday>
            </session_hours>
          </trading_sessions>
        </trading_info>
        <country_info>
          <iso_alpha2_code>FR</iso_alpha2_code>
          <iso_country_name>France</iso_country_name>
        </country_info>
        <region_name>Europe</region_name>
        <timezone_info>
          <tz_long_name>Europe/Paris</tz_long_name>
          <tz_has_dst>1</tz_has_dst>
          <tz_offset>
            <start_datetime>2020-10-25T02:00:00</start_datetime>
            <offset_sign>+</offset_sign>
            <offset>01:00:00</offset>
            <olson_short_name>CET</olson_short_name>
          </tz_offset>
          <tz_offset>
            <start_datetime>2021-03-28T03:00:00</start_datetime>
            <offset_sign>+</offset_sign>
            <offset>02:00:00</offset>
            <olson_short_name>CEST</olson_short_name>
          </tz_offset>
          <tz_offset>
            <start_datetime>2021-10-31T02:00:00</start_datetime>
            <offset_sign>+</offset_sign>
            <offset>01:00:00</offset>
            <olson_short_name>CET</olson_short_name>
          </tz_offset>
          <tz_offset>
            <start_datetime>2022-03-27T03:00:00</start_datetime>
            <offset_sign>+</offset_sign>
            <offset>02:00:00</offset>
            <olson_short_name>CEST</olson_short_name>
          </tz_offset>
        </timezone_info>
      </descriptive_data>
      <trading_day_data date_local="2021-10-18" status_detail="RegularTrading">
        <date_local>2021-10-18</date_local>
        <day_of_week_local>Monday</day_of_week_local>
        <exchange_status>
          <status>Open</status>
          <status_detail>
            <status_type>RegularTrading</status_type>
            <source_id_type>Other</source_id_type>
            <source_id>XX</source_id>
            <source_name>Unknown</source_name>
          </status_detail>
          <description>Regular Hours</description>
        </exchange_status>
        <exchange_hours session_id="1" session_type="RegularTrading">
          <session_id>1</session_id>
          <session_type>RegularTrading</session_type>
          <open_local>2021-10-18T08:00:00+02:00</open_local>
          <close_local>2021-10-18T18:30:00+02:00</close_local>
          <olson_short_name>CEST</olson_short_name>
          <open_utc>2021-10-18T06:00:00+00:00</open_utc>
          <close_utc>2021-10-18T16:30:00+00:00</close_utc>
        </exchange_hours>
      </trading_day_data>
    </exchange>
    <exchange exchange_description="OTC" mic_code="0009">
      <keys>
        <key xref_code="0009" xref_type="MIC">
          <xref_type>MIC</xref_type>
          <xref_code>0009</xref_code>
        </key>
        <key xref_code="FR3" xref_type="GDB">
          <xref_type>GDB</xref_type>
          <xref_code>FR3</xref_code>
        </key>
      </keys>
      <descriptive_data>
        <exchange_description>OTC</exchange_description>
        <support_info>
          <support_group>Data Services</support_group>
        </support_info>
        <trading_info>
          <trading_type>Continuous</trading_type>
          <trading_sessions session_description="None" session_id="1">
            <session_id>1</session_id>
            <session_description>None</session_description>
            <session_type>Continuous</session_type>
            <session_hours>
              <Sunday>
                <session_open>0</session_open>
              </Sunday>
              <Monday>
                <session_open>1</session_open>
                <session_start>06:40:00</session_start>
                <session_end>20:00:00</session_end>
              </Monday>
              <Tuesday>
                <session_open>1</session_open>
                <session_start>06:40:00</session_start>
                <session_end>20:00:00</session_end>
              </Tuesday>
              <Wednesday>
                <session_open>1</session_open>
                <session_start>06:40:00</session_start>
                <session_end>20:00:00</session_end>
              </Wednesday>
              <Thursday>
                <session_open>1</session_open>
                <session_start>06:40:00</session_start>
                <session_end>20:00:00</session_end>
              </Thursday>
              <Friday>
                <session_open>1</session_open>
                <session_start>06:40:00</session_start>
                <session_end>20:00:00</session_end>
              </Friday>
              <Saturday>
                <session_open>0</session_open>
              </Saturday>
            </session_hours>
          </trading_sessions>
        </trading_info>
        <country_info>
          <iso_alpha2_code>FR</iso_alpha2_code>
          <iso_country_name>France</iso_country_name>
        </country_info>
        <region_name>Europe</region_name>
        <timezone_info>
          <tz_long_name>Europe/Paris</tz_long_name>
          <tz_has_dst>1</tz_has_dst>
          <tz_offset>
            <start_datetime>2020-10-25T02:00:00</start_datetime>
            <offset_sign>+</offset_sign>
            <offset>01:00:00</offset>
            <olson_short_name>CET</olson_short_name>
          </tz_offset>
          <tz_offset>
            <start_datetime>2021-03-28T03:00:00</start_datetime>
            <offset_sign>+</offset_sign>
            <offset>02:00:00</offset>
            <olson_short_name>CEST</olson_short_name>
          </tz_offset>
          <tz_offset>
            <start_datetime>2021-10-31T02:00:00</start_datetime>
            <offset_sign>+</offset_sign>
            <offset>01:00:00</offset>
            <olson_short_name>CET</olson_short_name>
          </tz_offset>
          <tz_offset>
            <start_datetime>2022-03-27T03:00:00</start_datetime>
            <offset_sign>+</offset_sign>
            <offset>02:00:00</offset>
            <olson_short_name>CEST</olson_short_name>
          </tz_offset>
        </timezone_info>
      </descriptive_data>
      <trading_day_data date_local="2021-10-18" status_detail="RegularTrading">
        <date_local>2021-10-18</date_local>
        <day_of_week_local>Monday</day_of_week_local>
        <exchange_status>
          <status>Open</status>
          <status_detail>
            <status_type>RegularTrading</status_type>
            <source_id_type>Other</source_id_type>
            <source_id>XX</source_id>
            <source_name>Unknown</source_name>
          </status_detail>
          <description>Regular Hours</description>
        </exchange_status>
        <exchange_hours session_id="1" session_type="RegularTrading">
          <session_id>1</session_id>
          <session_type>RegularTrading</session_type>
          <open_local>2021-10-18T06:40:00+02:00</open_local>
          <close_local>2021-10-18T20:00:00+02:00</close_local>
          <olson_short_name>CEST</olson_short_name>
          <open_utc>2021-10-18T04:40:00+00:00</open_utc>
          <close_utc>2021-10-18T18:00:00+00:00</close_utc>
        </exchange_hours>
      </trading_day_data>
    </exchange>
    <exchange exchange_description="La Cote Alphabetique" mic_code="0371">
      <keys>
        <key xref_code="0371" xref_type="MIC">
          <xref_type>MIC</xref_type>
          <xref_code>0371</xref_code>
        </key>
        <key xref_code="EFE" xref_type="Exshare">
          <xref_type>Exshare</xref_type>
          <xref_code>EFE</xref_code>
        </key>
        <key xref_code="FRC" xref_type="GDB">
          <xref_type>GDB</xref_type>
          <xref_code>FRC</xref_code>
        </key>
      </keys>
      <descriptive_data>
        <exchange_description>La Cote Alphabetique</exchange_description>
        <support_info>
          <support_group>Data Services</support_group>
        </support_info>
        <trading_info>
          <trading_type>Continuous</trading_type>
          <trading_sessions session_description="None" session_id="1">
            <session_id>1</session_id>
            <session_description>None</session_description>
            <session_type>Continuous</session_type>
            <session_hours>
              <Sunday>
                <session_open>0</session_open>
              </Sunday>
              <Monday>
                <session_open>1</session_open>
                <session_start>08:00:00</session_start>
                <session_end>23:00:00</session_end>
              </Monday>
              <Tuesday>
                <session_open>1</session_open>
                <session_start>08:00:00</session_start>
                <session_end>23:00:00</session_end>
              </Tuesday>
              <Wednesday>
                <session_open>1</session_open>
                <session_start>08:00:00</session_start>
                <session_end>23:00:00</session_end>
              </Wednesday>
              <Thursday>
                <session_open>1</session_open>
                <session_start>08:00:00</session_start>
                <session_end>23:00:00</session_end>
              </Thursday>
              <Friday>
                <session_open>1</session_open>
                <session_start>08:00:00</session_start>
                <session_end>23:00:00</session_end>
              </Friday>
              <Saturday>
                <session_open>0</session_open>
              </Saturday>
            </session_hours>
          </trading_sessions>
        </trading_info>
        <country_info>
          <iso_alpha2_code>FR</iso_alpha2_code>
          <iso_country_name>France</iso_country_name>
        </country_info>
        <region_name>Europe</region_name>
        <timezone_info>
          <tz_long_name>Europe/Paris</tz_long_name>
          <tz_has_dst>1</tz_has_dst>
          <tz_offset>
            <start_datetime>2020-10-25T02:00:00</start_datetime>
            <offset_sign>+</offset_sign>
            <offset>01:00:00</offset>
            <olson_short_name>CET</olson_short_name>
          </tz_offset>
          <tz_offset>
            <start_datetime>2021-03-28T03:00:00</start_datetime>
            <offset_sign>+</offset_sign>
            <offset>02:00:00</offset>
            <olson_short_name>CEST</olson_short_name>
          </tz_offset>
          <tz_offset>
            <start_datetime>2021-10-31T02:00:00</start_datetime>
            <offset_sign>+</offset_sign>
            <offset>01:00:00</offset>
            <olson_short_name>CET</olson_short_name>
          </tz_offset>
          <tz_offset>
            <start_datetime>2022-03-27T03:00:00</start_datetime>
            <offset_sign>+</offset_sign>
            <offset>02:00:00</offset>
            <olson_short_name>CEST</olson_short_name>
          </tz_offset>
        </timezone_info>
      </descriptive_data>
      <trading_day_data date_local="2021-10-18" status_detail="RegularTrading">
        <date_local>2021-10-18</date_local>
        <day_of_week_local>Monday</day_of_week_local>
        <exchange_status>
          <status>Open</status>
          <status_detail>
            <status_type>RegularTrading</status_type>
            <source_id_type>Other</source_id_type>
            <source_id>XX</source_id>
            <source_name>Unknown</source_name>
          </status_detail>
          <description>Regular Hours</description>
        </exchange_status>
        <exchange_hours session_id="1" session_type="RegularTrading">
          <session_id>1</session_id>
          <session_type>RegularTrading</session_type>
          <open_local>2021-10-18T08:00:00+02:00</open_local>
          <close_local>2021-10-18T23:00:00+02:00</close_local>
          <olson_short_name>CEST</olson_short_name>
          <open_utc>2021-10-18T06:00:00+00:00</open_utc>
          <close_utc>2021-10-18T21:00:00+00:00</close_utc>
        </exchange_hours>
      </trading_day_data>
    </exchange>
    <exchange exchange_description="France Holidays" mic_code="_274">
      <keys>
        <key xref_code="_274" xref_type="MIC">
          <xref_type>MIC</xref_type>
          <xref_code>_274</xref_code>
        </key>
      </keys>
      <descriptive_data>
        <exchange_description>France Holidays</exchange_description>
        <support_info>
          <support_group>Data Services</support_group>
        </support_info>
        <trading_info>
          <trading_type>Continuous</trading_type>
          <trading_sessions session_description="None" session_id="1">
            <session_id>1</session_id>
            <session_description>None</session_description>
            <session_type>Continuous</session_type>
            <session_hours>
              <Sunday>
                <session_open>0</session_open>
              </Sunday>
              <Monday>
                <session_open>1</session_open>
                <session_start>09:00:00</session_start>
                <session_end>17:00:00</session_end>
              </Monday>
              <Tuesday>
                <session_open>1</session_open>
                <session_start>09:00:00</session_start>
                <session_end>17:00:00</session_end>
              </Tuesday>
              <Wednesday>
                <session_open>1</session_open>
                <session_start>09:00:00</session_start>
                <session_end>17:00:00</session_end>
              </Wednesday>
              <Thursday>
                <session_open>1</session_open>
                <session_start>09:00:00</session_start>
                <session_end>17:00:00</session_end>
              </Thursday>
              <Friday>
                <session_open>1</session_open>
                <session_start>09:00:00</session_start>
                <session_end>17:00:00</session_end>
              </Friday>
              <Saturday>
                <session_open>0</session_open>
              </Saturday>
            </session_hours>
          </trading_sessions>
        </trading_info>
        <country_info>
          <iso_alpha2_code>FR</iso_alpha2_code>
          <iso_country_name>France</iso_country_name>
        </country_info>
        <region_name>Europe</region_name>
        <timezone_info>
          <tz_long_name>Europe/Paris</tz_long_name>
          <tz_has_dst>1</tz_has_dst>
          <tz_offset>
            <start_datetime>2020-10-25T02:00:00</start_datetime>
            <offset_sign>+</offset_sign>
            <offset>01:00:00</offset>
            <olson_short_name>CET</olson_short_name>
          </tz_offset>
          <tz_offset>
            <start_datetime>2021-03-28T03:00:00</start_datetime>
            <offset_sign>+</offset_sign>
            <offset>02:00:00</offset>
            <olson_short_name>CEST</olson_short_name>
          </tz_offset>
          <tz_offset>
            <start_datetime>2021-10-31T02:00:00</start_datetime>
            <offset_sign>+</offset_sign>
            <offset>01:00:00</offset>
            <olson_short_name>CET</olson_short_name>
          </tz_offset>
          <tz_offset>
            <start_datetime>2022-03-27T03:00:00</start_datetime>
            <offset_sign>+</offset_sign>
            <offset>02:00:00</offset>
            <olson_short_name>CEST</olson_short_name>
          </tz_offset>
        </timezone_info>
      </descriptive_data>
      <trading_day_data date_local="2021-10-18" status_detail="RegularTrading">
        <date_local>2021-10-18</date_local>
        <day_of_week_local>Monday</day_of_week_local>
        <exchange_status>
          <status>Open</status>
          <status_detail>
            <status_type>RegularTrading</status_type>
            <source_id_type>Other</source_id_type>
            <source_id>XX</source_id>
            <source_name>Unknown</source_name>
          </status_detail>
          <description>Regular Hours</description>
        </exchange_status>
        <exchange_hours session_id="1" session_type="RegularTrading">
          <session_id>1</session_id>
          <session_type>RegularTrading</session_type>
          <open_local>2021-10-18T09:00:00+02:00</open_local>
          <close_local>2021-10-18T17:00:00+02:00</close_local>
          <olson_short_name>CEST</olson_short_name>
          <open_utc>2021-10-18T07:00:00+00:00</open_utc>
          <close_utc>2021-10-18T15:00:00+00:00</close_utc>
        </exchange_hours>
      </trading_day_data>
    </exchange>
    <exchange exchange_description="EURONEXT PARIS MATIF (interest rates/commodities futures " mic_code="XMAT">
      <keys>
        <key xref_code="XMAT" xref_type="MIC">
          <xref_type>MIC</xref_type>
          <xref_code>XMAT</xref_code>
        </key>
      </keys>
      <descriptive_data>
        <exchange_description>EURONEXT PARIS MATIF (interest rates/commodities futures </exchange_description>
        <support_info>
          <support_group>Data Services</support_group>
        </support_info>
        <trading_info>
          <trading_type>Continuous</trading_type>
          <trading_sessions session_description="None" session_id="1">
            <session_id>1</session_id>
            <session_description>None</session_description>
            <session_type>Continuous</session_type>
            <session_hours>
              <Sunday>
                <session_open>0</session_open>
              </Sunday>
              <Monday>
                <session_open>1</session_open>
                <session_start>08:00:00</session_start>
                <session_end>22:00:00</session_end>
              </Monday>
              <Tuesday>
                <session_open>1</session_open>
                <session_start>08:00:00</session_start>
                <session_end>22:00:00</session_end>
              </Tuesday>
              <Wednesday>
                <session_open>1</session_open>
                <session_start>08:00:00</session_start>
                <session_end>22:00:00</session_end>
              </Wednesday>
              <Thursday>
                <session_open>1</session_open>
                <session_start>08:00:00</session_start>
                <session_end>22:00:00</session_end>
              </Thursday>
              <Friday>
                <session_open>1</session_open>
                <session_start>08:00:00</session_start>
                <session_end>22:00:00</session_end>
              </Friday>
              <Saturday>
                <session_open>0</session_open>
              </Saturday>
            </session_hours>
          </trading_sessions>
        </trading_info>
        <country_info>
          <iso_alpha2_code>FR</iso_alpha2_code>
          <iso_country_name>France</iso_country_name>
        </country_info>
        <region_name>Europe</region_name>
        <timezone_info>
          <tz_long_name>Europe/Paris</tz_long_name>
          <tz_has_dst>1</tz_has_dst>
          <tz_offset>
            <start_datetime>2020-10-25T02:00:00</start_datetime>
            <offset_sign>+</offset_sign>
            <offset>01:00:00</offset>
            <olson_short_name>CET</olson_short_name>
          </tz_offset>
          <tz_offset>
            <start_datetime>2021-03-28T03:00:00</start_datetime>
            <offset_sign>+</offset_sign>
            <offset>02:00:00</offset>
            <olson_short_name>CEST</olson_short_name>
          </tz_offset>
          <tz_offset>
            <start_datetime>2021-10-31T02:00:00</start_datetime>
            <offset_sign>+</offset_sign>
            <offset>01:00:00</offset>
            <olson_short_name>CET</olson_short_name>
          </tz_offset>
          <tz_offset>
            <start_datetime>2022-03-27T03:00:00</start_datetime>
            <offset_sign>+</offset_sign>
            <offset>02:00:00</offset>
            <olson_short_name>CEST</olson_short_name>
          </tz_offset>
        </timezone_info>
      </descriptive_data>
      <trading_day_data date_local="2021-10-18" status_detail="RegularTrading">
        <date_local>2021-10-18</date_local>
        <day_of_week_local>Monday</day_of_week_local>
        <exchange_status>
          <status>Open</status>
          <status_detail>
            <status_type>RegularTrading</status_type>
            <source_id_type>Other</source_id_type>
            <source_id>XX</source_id>
            <source_name>Unknown</source_name>
          </status_detail>
          <description>Regular Hours</description>
        </exchange_status>
        <exchange_hours session_id="1" session_type="RegularTrading">
          <session_id>1</session_id>
          <session_type>RegularTrading</session_type>
          <open_local>2021-10-18T08:00:00+02:00</open_local>
          <close_local>2021-10-18T22:00:00+02:00</close_local>
          <olson_short_name>CEST</olson_short_name>
          <open_utc>2021-10-18T06:00:00+00:00</open_utc>
          <close_utc>2021-10-18T20:00:00+00:00</close_utc>
        </exchange_hours>
      </trading_day_data>
    </exchange>
    <exchange exchange_description="NYSE EURONEXT - ALTERNEXT PARIS" mic_code="ALXP">
      <keys>
        <key xref_code="ALXP" xref_type="MIC">
          <xref_type>MIC</xref_type>
          <xref_code>ALXP</xref_code>
        </key>
      </keys>
      <descriptive_data>
        <exchange_description>NYSE EURONEXT - ALTERNEXT PARIS</exchange_description>
        <support_info>
          <support_group>Data Services</support_group>
        </support_info>
        <trading_info>
          <trading_type>Continuous</trading_type>
          <trading_sessions session_description="None" session_id="1">
            <session_id>1</session_id>
            <session_description>None</session_description>
            <session_type>Continuous</session_type>
            <session_hours>
              <Sunday>
                <session_open>0</session_open>
              </Sunday>
              <Monday>
                <session_open>1</session_open>
                <session_start>09:00:00</session_start>
                <session_end>17:30:00</session_end>
              </Monday>
              <Tuesday>
                <session_open>1</session_open>
                <session_start>09:00:00</session_start>
                <session_end>17:30:00</session_end>
              </Tuesday>
              <Wednesday>
                <session_open>1</session_open>
                <session_start>09:00:00</session_start>
                <session_end>17:30:00</session_end>
              </Wednesday>
              <Thursday>
                <session_open>1</session_open>
                <session_start>09:00:00</session_start>
                <session_end>17:30:00</session_end>
              </Thursday>
              <Friday>
                <session_open>1</session_open>
                <session_start>09:00:00</session_start>
                <session_end>17:30:00</session_end>
              </Friday>
              <Saturday>
                <session_open>0</session_open>
              </Saturday>
            </session_hours>
          </trading_sessions>
        </trading_info>
        <country_info>
          <iso_alpha2_code>FR</iso_alpha2_code>
          <iso_country_name>France</iso_country_name>
        </country_info>
        <region_name>Europe</region_name>
        <timezone_info>
          <tz_long_name>Europe/Paris</tz_long_name>
          <tz_has_dst>1</tz_has_dst>
          <tz_offset>
            <start_datetime>2020-10-25T02:00:00</start_datetime>
            <offset_sign>+</offset_sign>
            <offset>01:00:00</offset>
            <olson_short_name>CET</olson_short_name>
          </tz_offset>
          <tz_offset>
            <start_datetime>2021-03-28T03:00:00</start_datetime>
            <offset_sign>+</offset_sign>
            <offset>02:00:00</offset>
            <olson_short_name>CEST</olson_short_name>
          </tz_offset>
          <tz_offset>
            <start_datetime>2021-10-31T02:00:00</start_datetime>
            <offset_sign>+</offset_sign>
            <offset>01:00:00</offset>
            <olson_short_name>CET</olson_short_name>
          </tz_offset>
          <tz_offset>
            <start_datetime>2022-03-27T03:00:00</start_datetime>
            <offset_sign>+</offset_sign>
            <offset>02:00:00</offset>
            <olson_short_name>CEST</olson_short_name>
          </tz_offset>
        </timezone_info>
      </descriptive_data>
      <trading_day_data date_local="2021-10-18" status_detail="RegularTrading">
        <date_local>2021-10-18</date_local>
        <day_of_week_local>Monday</day_of_week_local>
        <exchange_status>
          <status>Open</status>
          <status_detail>
            <status_type>RegularTrading</status_type>
            <source_id_type>Other</source_id_type>
            <source_id>XX</source_id>
            <source_name>Unknown</source_name>
          </status_detail>
          <description>Regular Hours</description>
        </exchange_status>
        <exchange_hours session_id="1" session_type="RegularTrading">
          <session_id>1</session_id>
          <session_type>RegularTrading</session_type>
          <open_local>2021-10-18T09:00:00+02:00</open_local>
          <close_local>2021-10-18T17:30:00+02:00</close_local>
          <olson_short_name>CEST</olson_short_name>
          <open_utc>2021-10-18T07:00:00+00:00</open_utc>
          <close_utc>2021-10-18T15:30:00+00:00</close_utc>
        </exchange_hours>
      </trading_day_data>
    </exchange>
    <exchange exchange_description="." mic_code="_183">
      <keys>
        <key xref_code="_183" xref_type="MIC">
          <xref_type>MIC</xref_type>
          <xref_code>_183</xref_code>
        </key>
        <key xref_code="EFA" xref_type="Exshare">
          <xref_type>Exshare</xref_type>
          <xref_code>EFA</xref_code>
        </key>
      </keys>
      <descriptive_data>
        <exchange_description>.</exchange_description>
        <support_info>
          <support_group>Data Services</support_group>
        </support_info>
        <trading_info>
          <trading_type>Continuous</trading_type>
          <trading_sessions session_description="None" session_id="1">
            <session_id>1</session_id>
            <session_description>None</session_description>
            <session_type>Continuous</session_type>
            <session_hours>
              <Sunday>
                <session_open>0</session_open>
              </Sunday>
              <Monday>
                <session_open>1</session_open>
                <session_start>09:00:00</session_start>
                <session_end>17:00:00</session_end>
              </Monday>
              <Tuesday>
                <session_open>1</session_open>
                <session_start>09:00:00</session_start>
                <session_end>17:00:00</session_end>
              </Tuesday>
              <Wednesday>
                <session_open>1</session_open>
                <session_start>09:00:00</session_start>
                <session_end>17:00:00</session_end>
              </Wednesday>
              <Thursday>
                <session_open>1</session_open>
                <session_start>09:00:00</session_start>
                <session_end>17:00:00</session_end>
              </Thursday>
              <Friday>
                <session_open>1</session_open>
                <session_start>09:00:00</session_start>
                <session_end>17:00:00</session_end>
              </Friday>
              <Saturday>
                <session_open>0</session_open>
              </Saturday>
            </session_hours>
          </trading_sessions>
        </trading_info>
        <country_info>
          <iso_alpha2_code>FR</iso_alpha2_code>
          <iso_country_name>France</iso_country_name>
        </country_info>
        <region_name>Europe</region_name>
        <timezone_info>
          <tz_long_name>Europe/Paris</tz_long_name>
          <tz_has_dst>1</tz_has_dst>
          <tz_offset>
            <start_datetime>2020-10-25T02:00:00</start_datetime>
            <offset_sign>+</offset_sign>
            <offset>01:00:00</offset>
            <olson_short_name>CET</olson_short_name>
          </tz_offset>
          <tz_offset>
            <start_datetime>2021-03-28T03:00:00</start_datetime>
            <offset_sign>+</offset_sign>
            <offset>02:00:00</offset>
            <olson_short_name>CEST</olson_short_name>
          </tz_offset>
          <tz_offset>
            <start_datetime>2021-10-31T02:00:00</start_datetime>
            <offset_sign>+</offset_sign>
            <offset>01:00:00</offset>
            <olson_short_name>CET</olson_short_name>
          </tz_offset>
          <tz_offset>
            <start_datetime>2022-03-27T03:00:00</start_datetime>
            <offset_sign>+</offset_sign>
            <offset>02:00:00</offset>
            <olson_short_name>CEST</olson_short_name>
          </tz_offset>
        </timezone_info>
      </descriptive_data>
      <trading_day_data date_local="2021-10-18" status_detail="RegularTrading">
        <date_local>2021-10-18</date_local>
        <day_of_week_local>Monday</day_of_week_local>
        <exchange_status>
          <status>Open</status>
          <status_detail>
            <status_type>RegularTrading</status_type>
            <source_id_type>Other</source_id_type>
            <source_id>XX</source_id>
            <source_name>Unknown</source_name>
          </status_detail>
          <description>Regular Hours</description>
        </exchange_status>
        <exchange_hours session_id="1" session_type="RegularTrading">
          <session_id>1</session_id>
          <session_type>RegularTrading</session_type>
          <open_local>2021-10-18T09:00:00+02:00</open_local>
          <close_local>2021-10-18T17:00:00+02:00</close_local>
          <olson_short_name>CEST</olson_short_name>
          <open_utc>2021-10-18T07:00:00+00:00</open_utc>
          <close_utc>2021-10-18T15:00:00+00:00</close_utc>
        </exchange_hours>
      </trading_day_data>
    </exchange>
  </exchange_data>
</idc_calendar>
